,volume,aht,handle_time
old model,25.203620570373342,2.089997353884974,74.84932010546301
prophet,6.846651150151469,7.5877171734562445,22.418734138208997
difference,18.356969420221873,-5.49771981957127,52.43058596725401
